IndustryCode,IndustryName,ComplianceDomainCode,ComplianceDomain,CommonRegulatorBodyTypes,TypicalCoverage,PrimarySourceIDs,PrimarySourceURLs,ImplementationPriority,DataverseMappingNote
1,Accounting,PROF,Professional services licensing,Bar association; accountancy board; professional regulator,Professional licenses and ethics,SRC-WB-GIRG,https://rulemaking.worldbank.org/en/rulemaking,Medium,Create one or more Industry Regulation Mapping rows per operating country/territory and regulator/law.
1,Accounting,TAX,"Tax, revenue & customs",Tax authority; revenue service; customs administration,"Tax registrations, VAT/GST, customs/import/export",SRC-WCO; SRC-WTO-DATA,https://www.wcoomd.org/en.aspx | https://data.wto.org/,High,Create one or more Industry Regulation Mapping rows per operating country/territory and regulator/law.
1,Accounting,CORP,Corporate registration & company law,Companies registry; commerce ministry; secretary of state,"Business registration, beneficial ownership, annual filings",SRC-WB-GIRG; SRC-UNCTAD-DATA,https://rulemaking.worldbank.org/en/rulemaking | https://unctadstat.unctad.org/,Medium,Create one or more Industry Regulation Mapping rows per operating country/territory and regulator/law.
1,Accounting,LAB,"Labor, employment & workplace safety",Labor ministry; employment standards agency; OSH authority,"Employment, worker safety, social security",SRC-ILO-DATA,https://www.ilo.org/data-and-statistics,High,Create one or more Industry Regulation Mapping rows per operating country/territory and regulator/law.
1,Accounting,PRIV,Data protection & privacy,Data protection authority; privacy commissioner,"Personal data, privacy notices, breach notification",SRC-GPA; SRC-IAPP-PRIVACY-DIR; SRC-EDPB,https://globalprivacyassembly.com/participation-in-the-assembly/list-of-accredited-members/ | https://iapp.org/resources/global-privacy-directory | https://www.edpb.europa.eu/,High,Create one or more Industry Regulation Mapping rows per operating country/territory and regulator/law.
1,Accounting,PROC,Government procurement & grants,Procurement authority; treasury; anti-corruption body,"Bid eligibility, contract clauses, debarment",SRC-WB-GIRG,https://rulemaking.worldbank.org/en/rulemaking,Medium,Create one or more Industry Regulation Mapping rows per operating country/territory and regulator/law.
2,Agriculture and Non-petrol Natural Resource Extraction,FOOD,"Food, beverage & agriculture",Food safety agency; agriculture ministry,"Food safety, labeling, agrifood, animal/plant health",SRC-FAOLEX,https://www.fao.org/faolex/en/,High,Create one or more Industry Regulation Mapping rows per operating country/territory and regulator/law.
2,Agriculture and Non-petrol Natural Resource Extraction,ENV,"Environment, climate & natural resources",Environmental protection agency; natural resources ministry,"Environmental permits, emissions, water, waste, mining",SRC-ECOLEX; SRC-FAOLEX,https://www.ecolex.org/ | https://www.fao.org/faolex/en/,High,Create one or more Industry Regulation Mapping rows per operating country/territory and regulator/law.
2,Agriculture and Non-petrol Natural Resource Extraction,LAB,"Labor, employment & workplace safety",Labor ministry; employment standards agency; OSH authority,"Employment, worker safety, social security",SRC-ILO-DATA,https://www.ilo.org/data-and-statistics,High,Create one or more Industry Regulation Mapping rows per operating country/territory and regulator/law.
2,Agriculture and Non-petrol Natural Resource Extraction,TAX,"Tax, revenue & customs",Tax authority; revenue service; customs administration,"Tax registrations, VAT/GST, customs/import/export",SRC-WCO; SRC-WTO-DATA,https://www.wcoomd.org/en.aspx | https://data.wto.org/,High,Create one or more Industry Regulation Mapping rows per operating country/territory and regulator/law.
2,Agriculture and Non-petrol Natural Resource Extraction,TRADE,"Trade, sanctions & export controls",Trade ministry; customs; export-control authority; sanctions office,"Export/import restrictions, sanctions screening",SRC-WTO-DATA; SRC-WCO; SRC-UNCTAD-DATA,https://data.wto.org/ | https://www.wcoomd.org/en.aspx | https://unctadstat.unctad.org/,Medium,Create one or more Industry Regulation Mapping rows per operating country/territory and regulator/law.
2,Agriculture and Non-petrol Natural Resource Extraction,CORP,Corporate registration & company law,Companies registry; commerce ministry; secretary of state,"Business registration, beneficial ownership, annual filings",SRC-WB-GIRG; SRC-UNCTAD-DATA,https://rulemaking.worldbank.org/en/rulemaking | https://unctadstat.unctad.org/,Medium,Create one or more Industry Regulation Mapping rows per operating country/territory and regulator/law.
3,Broadcasting Printing and Publishing,TELCO,"Telecommunications, media & broadcasting",Telecom/media regulator; communications ministry,"Licensing, spectrum, broadcasting, content rules",SRC-ITU; SRC-ITU-DIR,https://www.itu.int/ | https://www.itu.int/GlobalDirectory/,High,Create one or more Industry Regulation Mapping rows per operating country/territory and regulator/law.
3,Broadcasting Printing and Publishing,PRIV,Data protection & privacy,Data protection authority; privacy commissioner,"Personal data, privacy notices, breach notification",SRC-GPA; SRC-IAPP-PRIVACY-DIR; SRC-EDPB,https://globalprivacyassembly.com/participation-in-the-assembly/list-of-accredited-members/ | https://iapp.org/resources/global-privacy-directory | https://www.edpb.europa.eu/,High,Create one or more Industry Regulation Mapping rows per operating country/territory and regulator/law.
3,Broadcasting Printing and Publishing,CONS,"Consumer protection, advertising & product safety",Consumer protection authority; product safety regulator,"Marketing, consumer rights, product recalls, warranties",SRC-WB-GIRG; SRC-ICN,https://rulemaking.worldbank.org/en/rulemaking | https://www.internationalcompetitionnetwork.org/members/,Medium,Create one or more Industry Regulation Mapping rows per operating country/territory and regulator/law.
3,Broadcasting Printing and Publishing,COMP,Competition / antitrust,Competition authority; antitrust agency,"Merger control, cartels, abuse of dominance",SRC-ICN,https://www.internationalcompetitionnetwork.org/members/,Medium,Create one or more Industry Regulation Mapping rows per operating country/territory and regulator/law.
3,Broadcasting Printing and Publishing,LAB,"Labor, employment & workplace safety",Labor ministry; employment standards agency; OSH authority,"Employment, worker safety, social security",SRC-ILO-DATA,https://www.ilo.org/data-and-statistics,High,Create one or more Industry Regulation Mapping rows per operating country/territory and regulator/law.
3,Broadcasting Printing and Publishing,CORP,Corporate registration & company law,Companies registry; commerce ministry; secretary of state,"Business registration, beneficial ownership, annual filings",SRC-WB-GIRG; SRC-UNCTAD-DATA,https://rulemaking.worldbank.org/en/rulemaking | https://unctadstat.unctad.org/,Medium,Create one or more Industry Regulation Mapping rows per operating country/territory and regulator/law.
4,Brokers,FIN,"Banking, securities, payments & AML",Central bank; securities commission; FIU; payments regulator,"Financial licensing, AML/KYC, market conduct",SRC-IOSCO; SRC-BIS-CENTRALBANKS,https://www.iosco.org/v2/about/?subsection=membership | https://www.bis.org/cbanks.htm,High,Create one or more Industry Regulation Mapping rows per operating country/territory and regulator/law.
4,Brokers,COMP,Competition / antitrust,Competition authority; antitrust agency,"Merger control, cartels, abuse of dominance",SRC-ICN,https://www.internationalcompetitionnetwork.org/members/,Medium,Create one or more Industry Regulation Mapping rows per operating country/territory and regulator/law.
4,Brokers,PRIV,Data protection & privacy,Data protection authority; privacy commissioner,"Personal data, privacy notices, breach notification",SRC-GPA; SRC-IAPP-PRIVACY-DIR; SRC-EDPB,https://globalprivacyassembly.com/participation-in-the-assembly/list-of-accredited-members/ | https://iapp.org/resources/global-privacy-directory | https://www.edpb.europa.eu/,High,Create one or more Industry Regulation Mapping rows per operating country/territory and regulator/law.
4,Brokers,TAX,"Tax, revenue & customs",Tax authority; revenue service; customs administration,"Tax registrations, VAT/GST, customs/import/export",SRC-WCO; SRC-WTO-DATA,https://www.wcoomd.org/en.aspx | https://data.wto.org/,High,Create one or more Industry Regulation Mapping rows per operating country/territory and regulator/law.
4,Brokers,CORP,Corporate registration & company law,Companies registry; commerce ministry; secretary of state,"Business registration, beneficial ownership, annual filings",SRC-WB-GIRG; SRC-UNCTAD-DATA,https://rulemaking.worldbank.org/en/rulemaking | https://unctadstat.unctad.org/,Medium,Create one or more Industry Regulation Mapping rows per operating country/territory and regulator/law.
4,Brokers,PROC,Government procurement & grants,Procurement authority; treasury; anti-corruption body,"Bid eligibility, contract clauses, debarment",SRC-WB-GIRG,https://rulemaking.worldbank.org/en/rulemaking,Medium,Create one or more Industry Regulation Mapping rows per operating country/territory and regulator/law.
5,Building Supply Retail,CONS,"Consumer protection, advertising & product safety",Consumer protection authority; product safety regulator,"Marketing, consumer rights, product recalls, warranties",SRC-WB-GIRG; SRC-ICN,https://rulemaking.worldbank.org/en/rulemaking | https://www.internationalcompetitionnetwork.org/members/,Medium,Create one or more Industry Regulation Mapping rows per operating country/territory and regulator/law.
5,Building Supply Retail,REAL,"Real estate, construction & zoning",Land registry; housing ministry; building authority,"Licenses, zoning, property, construction codes",SRC-WB-GIRG,https://rulemaking.worldbank.org/en/rulemaking,Medium,Create one or more Industry Regulation Mapping rows per operating country/territory and regulator/law.
5,Building Supply Retail,TAX,"Tax, revenue & customs",Tax authority; revenue service; customs administration,"Tax registrations, VAT/GST, customs/import/export",SRC-WCO; SRC-WTO-DATA,https://www.wcoomd.org/en.aspx | https://data.wto.org/,High,Create one or more Industry Regulation Mapping rows per operating country/territory and regulator/law.
5,Building Supply Retail,LAB,"Labor, employment & workplace safety",Labor ministry; employment standards agency; OSH authority,"Employment, worker safety, social security",SRC-ILO-DATA,https://www.ilo.org/data-and-statistics,High,Create one or more Industry Regulation Mapping rows per operating country/territory and regulator/law.
5,Building Supply Retail,ENV,"Environment, climate & natural resources",Environmental protection agency; natural resources ministry,"Environmental permits, emissions, water, waste, mining",SRC-ECOLEX; SRC-FAOLEX,https://www.ecolex.org/ | https://www.fao.org/faolex/en/,High,Create one or more Industry Regulation Mapping rows per operating country/territory and regulator/law.
5,Building Supply Retail,CORP,Corporate registration & company law,Companies registry; commerce ministry; secretary of state,"Business registration, beneficial ownership, annual filings",SRC-WB-GIRG; SRC-UNCTAD-DATA,https://rulemaking.worldbank.org/en/rulemaking | https://unctadstat.unctad.org/,Medium,Create one or more Industry Regulation Mapping rows per operating country/territory and regulator/law.
6,Business Services,CORP,Corporate registration & company law,Companies registry; commerce ministry; secretary of state,"Business registration, beneficial ownership, annual filings",SRC-WB-GIRG; SRC-UNCTAD-DATA,https://rulemaking.worldbank.org/en/rulemaking | https://unctadstat.unctad.org/,Medium,Create one or more Industry Regulation Mapping rows per operating country/territory and regulator/law.
6,Business Services,TAX,"Tax, revenue & customs",Tax authority; revenue service; customs administration,"Tax registrations, VAT/GST, customs/import/export",SRC-WCO; SRC-WTO-DATA,https://www.wcoomd.org/en.aspx | https://data.wto.org/,High,Create one or more Industry Regulation Mapping rows per operating country/territory and regulator/law.
6,Business Services,LAB,"Labor, employment & workplace safety",Labor ministry; employment standards agency; OSH authority,"Employment, worker safety, social security",SRC-ILO-DATA,https://www.ilo.org/data-and-statistics,High,Create one or more Industry Regulation Mapping rows per operating country/territory and regulator/law.
6,Business Services,PRIV,Data protection & privacy,Data protection authority; privacy commissioner,"Personal data, privacy notices, breach notification",SRC-GPA; SRC-IAPP-PRIVACY-DIR; SRC-EDPB,https://globalprivacyassembly.com/participation-in-the-assembly/list-of-accredited-members/ | https://iapp.org/resources/global-privacy-directory | https://www.edpb.europa.eu/,High,Create one or more Industry Regulation Mapping rows per operating country/territory and regulator/law.
6,Business Services,CYBER,Cybersecurity & digital resilience,Cybersecurity agency; communications regulator; sector regulator,"Security controls, incident reporting, critical infrastructure",SRC-ITU; SRC-ITU-DIR,https://www.itu.int/ | https://www.itu.int/GlobalDirectory/,High,Create one or more Industry Regulation Mapping rows per operating country/territory and regulator/law.
6,Business Services,PROC,Government procurement & grants,Procurement authority; treasury; anti-corruption body,"Bid eligibility, contract clauses, debarment",SRC-WB-GIRG,https://rulemaking.worldbank.org/en/rulemaking,Medium,Create one or more Industry Regulation Mapping rows per operating country/territory and regulator/law.
6,Business Services,COMP,Competition / antitrust,Competition authority; antitrust agency,"Merger control, cartels, abuse of dominance",SRC-ICN,https://www.internationalcompetitionnetwork.org/members/,Medium,Create one or more Industry Regulation Mapping rows per operating country/territory and regulator/law.
7,Consulting,PROF,Professional services licensing,Bar association; accountancy board; professional regulator,Professional licenses and ethics,SRC-WB-GIRG,https://rulemaking.worldbank.org/en/rulemaking,Medium,Create one or more Industry Regulation Mapping rows per operating country/territory and regulator/law.
7,Consulting,CORP,Corporate registration & company law,Companies registry; commerce ministry; secretary of state,"Business registration, beneficial ownership, annual filings",SRC-WB-GIRG; SRC-UNCTAD-DATA,https://rulemaking.worldbank.org/en/rulemaking | https://unctadstat.unctad.org/,Medium,Create one or more Industry Regulation Mapping rows per operating country/territory and regulator/law.
7,Consulting,TAX,"Tax, revenue & customs",Tax authority; revenue service; customs administration,"Tax registrations, VAT/GST, customs/import/export",SRC-WCO; SRC-WTO-DATA,https://www.wcoomd.org/en.aspx | https://data.wto.org/,High,Create one or more Industry Regulation Mapping rows per operating country/territory and regulator/law.
7,Consulting,LAB,"Labor, employment & workplace safety",Labor ministry; employment standards agency; OSH authority,"Employment, worker safety, social security",SRC-ILO-DATA,https://www.ilo.org/data-and-statistics,High,Create one or more Industry Regulation Mapping rows per operating country/territory and regulator/law.
7,Consulting,PRIV,Data protection & privacy,Data protection authority; privacy commissioner,"Personal data, privacy notices, breach notification",SRC-GPA; SRC-IAPP-PRIVACY-DIR; SRC-EDPB,https://globalprivacyassembly.com/participation-in-the-assembly/list-of-accredited-members/ | https://iapp.org/resources/global-privacy-directory | https://www.edpb.europa.eu/,High,Create one or more Industry Regulation Mapping rows per operating country/territory and regulator/law.
7,Consulting,PROC,Government procurement & grants,Procurement authority; treasury; anti-corruption body,"Bid eligibility, contract clauses, debarment",SRC-WB-GIRG,https://rulemaking.worldbank.org/en/rulemaking,Medium,Create one or more Industry Regulation Mapping rows per operating country/territory and regulator/law.
8,Consumer Services,CONS,"Consumer protection, advertising & product safety",Consumer protection authority; product safety regulator,"Marketing, consumer rights, product recalls, warranties",SRC-WB-GIRG; SRC-ICN,https://rulemaking.worldbank.org/en/rulemaking | https://www.internationalcompetitionnetwork.org/members/,Medium,Create one or more Industry Regulation Mapping rows per operating country/territory and regulator/law.
8,Consumer Services,PRIV,Data protection & privacy,Data protection authority; privacy commissioner,"Personal data, privacy notices, breach notification",SRC-GPA; SRC-IAPP-PRIVACY-DIR; SRC-EDPB,https://globalprivacyassembly.com/participation-in-the-assembly/list-of-accredited-members/ | https://iapp.org/resources/global-privacy-directory | https://www.edpb.europa.eu/,High,Create one or more Industry Regulation Mapping rows per operating country/territory and regulator/law.
8,Consumer Services,LAB,"Labor, employment & workplace safety",Labor ministry; employment standards agency; OSH authority,"Employment, worker safety, social security",SRC-ILO-DATA,https://www.ilo.org/data-and-statistics,High,Create one or more Industry Regulation Mapping rows per operating country/territory and regulator/law.
8,Consumer Services,TAX,"Tax, revenue & customs",Tax authority; revenue service; customs administration,"Tax registrations, VAT/GST, customs/import/export",SRC-WCO; SRC-WTO-DATA,https://www.wcoomd.org/en.aspx | https://data.wto.org/,High,Create one or more Industry Regulation Mapping rows per operating country/territory and regulator/law.
8,Consumer Services,CORP,Corporate registration & company law,Companies registry; commerce ministry; secretary of state,"Business registration, beneficial ownership, annual filings",SRC-WB-GIRG; SRC-UNCTAD-DATA,https://rulemaking.worldbank.org/en/rulemaking | https://unctadstat.unctad.org/,Medium,Create one or more Industry Regulation Mapping rows per operating country/territory and regulator/law.
9,"Design, Direction and Creative Management",PROF,Professional services licensing,Bar association; accountancy board; professional regulator,Professional licenses and ethics,SRC-WB-GIRG,https://rulemaking.worldbank.org/en/rulemaking,Medium,Create one or more Industry Regulation Mapping rows per operating country/territory and regulator/law.
9,"Design, Direction and Creative Management",CORP,Corporate registration & company law,Companies registry; commerce ministry; secretary of state,"Business registration, beneficial ownership, annual filings",SRC-WB-GIRG; SRC-UNCTAD-DATA,https://rulemaking.worldbank.org/en/rulemaking | https://unctadstat.unctad.org/,Medium,Create one or more Industry Regulation Mapping rows per operating country/territory and regulator/law.
9,"Design, Direction and Creative Management",TAX,"Tax, revenue & customs",Tax authority; revenue service; customs administration,"Tax registrations, VAT/GST, customs/import/export",SRC-WCO; SRC-WTO-DATA,https://www.wcoomd.org/en.aspx | https://data.wto.org/,High,Create one or more Industry Regulation Mapping rows per operating country/territory and regulator/law.
9,"Design, Direction and Creative Management",LAB,"Labor, employment & workplace safety",Labor ministry; employment standards agency; OSH authority,"Employment, worker safety, social security",SRC-ILO-DATA,https://www.ilo.org/data-and-statistics,High,Create one or more Industry Regulation Mapping rows per operating country/territory and regulator/law.
9,"Design, Direction and Creative Management",PRIV,Data protection & privacy,Data protection authority; privacy commissioner,"Personal data, privacy notices, breach notification",SRC-GPA; SRC-IAPP-PRIVACY-DIR; SRC-EDPB,https://globalprivacyassembly.com/participation-in-the-assembly/list-of-accredited-members/ | https://iapp.org/resources/global-privacy-directory | https://www.edpb.europa.eu/,High,Create one or more Industry Regulation Mapping rows per operating country/territory and regulator/law.
9,"Design, Direction and Creative Management",CONS,"Consumer protection, advertising & product safety",Consumer protection authority; product safety regulator,"Marketing, consumer rights, product recalls, warranties",SRC-WB-GIRG; SRC-ICN,https://rulemaking.worldbank.org/en/rulemaking | https://www.internationalcompetitionnetwork.org/members/,Medium,Create one or more Industry Regulation Mapping rows per operating country/territory and regulator/law.
10,"Distributors, Dispatchers and Processors",TRADE,"Trade, sanctions & export controls",Trade ministry; customs; export-control authority; sanctions office,"Export/import restrictions, sanctions screening",SRC-WTO-DATA; SRC-WCO; SRC-UNCTAD-DATA,https://data.wto.org/ | https://www.wcoomd.org/en.aspx | https://unctadstat.unctad.org/,Medium,Create one or more Industry Regulation Mapping rows per operating country/territory and regulator/law.
10,"Distributors, Dispatchers and Processors",TAX,"Tax, revenue & customs",Tax authority; revenue service; customs administration,"Tax registrations, VAT/GST, customs/import/export",SRC-WCO; SRC-WTO-DATA,https://www.wcoomd.org/en.aspx | https://data.wto.org/,High,Create one or more Industry Regulation Mapping rows per operating country/territory and regulator/law.
10,"Distributors, Dispatchers and Processors",TRAN,Transportation & logistics,Transport ministry; aviation/maritime/rail/road authorities,"Transport safety, carrier licensing, logistics compliance",SRC-ICAO; SRC-FAA-INTL-CIVIL-AUTH; SRC-IMO,https://www.icao.int/about-icao/member-states | https://www.faa.gov/aircraft/air_cert/international/bilateral_agreements/link_intl_sites/civil_avi_auth | https://www.imo.org/en/ourwork/ero/pages/memberstates.aspx,High,Create one or more Industry Regulation Mapping rows per operating country/territory and regulator/law.
10,"Distributors, Dispatchers and Processors",LAB,"Labor, employment & workplace safety",Labor ministry; employment standards agency; OSH authority,"Employment, worker safety, social security",SRC-ILO-DATA,https://www.ilo.org/data-and-statistics,High,Create one or more Industry Regulation Mapping rows per operating country/territory and regulator/law.
10,"Distributors, Dispatchers and Processors",CONS,"Consumer protection, advertising & product safety",Consumer protection authority; product safety regulator,"Marketing, consumer rights, product recalls, warranties",SRC-WB-GIRG; SRC-ICN,https://rulemaking.worldbank.org/en/rulemaking | https://www.internationalcompetitionnetwork.org/members/,Medium,Create one or more Industry Regulation Mapping rows per operating country/territory and regulator/law.
10,"Distributors, Dispatchers and Processors",CORP,Corporate registration & company law,Companies registry; commerce ministry; secretary of state,"Business registration, beneficial ownership, annual filings",SRC-WB-GIRG; SRC-UNCTAD-DATA,https://rulemaking.worldbank.org/en/rulemaking | https://unctadstat.unctad.org/,Medium,Create one or more Industry Regulation Mapping rows per operating country/territory and regulator/law.
11,Doctor's Offices and Clinics,HEALTH,"Healthcare, medical products & public health",Health ministry; medical product regulator; public health agency,"Healthcare delivery, medical devices, drugs, patient safety",SRC-WHO-WLA,https://www.who.int/initiatives/who-listed-authority-reg-authorities,High,Create one or more Industry Regulation Mapping rows per operating country/territory and regulator/law.
11,Doctor's Offices and Clinics,PRIV,Data protection & privacy,Data protection authority; privacy commissioner,"Personal data, privacy notices, breach notification",SRC-GPA; SRC-IAPP-PRIVACY-DIR; SRC-EDPB,https://globalprivacyassembly.com/participation-in-the-assembly/list-of-accredited-members/ | https://iapp.org/resources/global-privacy-directory | https://www.edpb.europa.eu/,High,Create one or more Industry Regulation Mapping rows per operating country/territory and regulator/law.
11,Doctor's Offices and Clinics,LAB,"Labor, employment & workplace safety",Labor ministry; employment standards agency; OSH authority,"Employment, worker safety, social security",SRC-ILO-DATA,https://www.ilo.org/data-and-statistics,High,Create one or more Industry Regulation Mapping rows per operating country/territory and regulator/law.
11,Doctor's Offices and Clinics,TAX,"Tax, revenue & customs",Tax authority; revenue service; customs administration,"Tax registrations, VAT/GST, customs/import/export",SRC-WCO; SRC-WTO-DATA,https://www.wcoomd.org/en.aspx | https://data.wto.org/,High,Create one or more Industry Regulation Mapping rows per operating country/territory and regulator/law.
11,Doctor's Offices and Clinics,CORP,Corporate registration & company law,Companies registry; commerce ministry; secretary of state,"Business registration, beneficial ownership, annual filings",SRC-WB-GIRG; SRC-UNCTAD-DATA,https://rulemaking.worldbank.org/en/rulemaking | https://unctadstat.unctad.org/,Medium,Create one or more Industry Regulation Mapping rows per operating country/territory and regulator/law.
11,Doctor's Offices and Clinics,PROF,Professional services licensing,Bar association; accountancy board; professional regulator,Professional licenses and ethics,SRC-WB-GIRG,https://rulemaking.worldbank.org/en/rulemaking,Medium,Create one or more Industry Regulation Mapping rows per operating country/territory and regulator/law.
12,Durable Manufacturing,ENV,"Environment, climate & natural resources",Environmental protection agency; natural resources ministry,"Environmental permits, emissions, water, waste, mining",SRC-ECOLEX; SRC-FAOLEX,https://www.ecolex.org/ | https://www.fao.org/faolex/en/,High,Create one or more Industry Regulation Mapping rows per operating country/territory and regulator/law.
12,Durable Manufacturing,LAB,"Labor, employment & workplace safety",Labor ministry; employment standards agency; OSH authority,"Employment, worker safety, social security",SRC-ILO-DATA,https://www.ilo.org/data-and-statistics,High,Create one or more Industry Regulation Mapping rows per operating country/territory and regulator/law.
12,Durable Manufacturing,CONS,"Consumer protection, advertising & product safety",Consumer protection authority; product safety regulator,"Marketing, consumer rights, product recalls, warranties",SRC-WB-GIRG; SRC-ICN,https://rulemaking.worldbank.org/en/rulemaking | https://www.internationalcompetitionnetwork.org/members/,Medium,Create one or more Industry Regulation Mapping rows per operating country/territory and regulator/law.
12,Durable Manufacturing,TRADE,"Trade, sanctions & export controls",Trade ministry; customs; export-control authority; sanctions office,"Export/import restrictions, sanctions screening",SRC-WTO-DATA; SRC-WCO; SRC-UNCTAD-DATA,https://data.wto.org/ | https://www.wcoomd.org/en.aspx | https://unctadstat.unctad.org/,Medium,Create one or more Industry Regulation Mapping rows per operating country/territory and regulator/law.
12,Durable Manufacturing,TAX,"Tax, revenue & customs",Tax authority; revenue service; customs administration,"Tax registrations, VAT/GST, customs/import/export",SRC-WCO; SRC-WTO-DATA,https://www.wcoomd.org/en.aspx | https://data.wto.org/,High,Create one or more Industry Regulation Mapping rows per operating country/territory and regulator/law.
12,Durable Manufacturing,CORP,Corporate registration & company law,Companies registry; commerce ministry; secretary of state,"Business registration, beneficial ownership, annual filings",SRC-WB-GIRG; SRC-UNCTAD-DATA,https://rulemaking.worldbank.org/en/rulemaking | https://unctadstat.unctad.org/,Medium,Create one or more Industry Regulation Mapping rows per operating country/territory and regulator/law.
13,Eating and Drinking Places,FOOD,"Food, beverage & agriculture",Food safety agency; agriculture ministry,"Food safety, labeling, agrifood, animal/plant health",SRC-FAOLEX,https://www.fao.org/faolex/en/,High,Create one or more Industry Regulation Mapping rows per operating country/territory and regulator/law.
13,Eating and Drinking Places,LAB,"Labor, employment & workplace safety",Labor ministry; employment standards agency; OSH authority,"Employment, worker safety, social security",SRC-ILO-DATA,https://www.ilo.org/data-and-statistics,High,Create one or more Industry Regulation Mapping rows per operating country/territory and regulator/law.
13,Eating and Drinking Places,TAX,"Tax, revenue & customs",Tax authority; revenue service; customs administration,"Tax registrations, VAT/GST, customs/import/export",SRC-WCO; SRC-WTO-DATA,https://www.wcoomd.org/en.aspx | https://data.wto.org/,High,Create one or more Industry Regulation Mapping rows per operating country/territory and regulator/law.
13,Eating and Drinking Places,CONS,"Consumer protection, advertising & product safety",Consumer protection authority; product safety regulator,"Marketing, consumer rights, product recalls, warranties",SRC-WB-GIRG; SRC-ICN,https://rulemaking.worldbank.org/en/rulemaking | https://www.internationalcompetitionnetwork.org/members/,Medium,Create one or more Industry Regulation Mapping rows per operating country/territory and regulator/law.
13,Eating and Drinking Places,REAL,"Real estate, construction & zoning",Land registry; housing ministry; building authority,"Licenses, zoning, property, construction codes",SRC-WB-GIRG,https://rulemaking.worldbank.org/en/rulemaking,Medium,Create one or more Industry Regulation Mapping rows per operating country/territory and regulator/law.
13,Eating and Drinking Places,CORP,Corporate registration & company law,Companies registry; commerce ministry; secretary of state,"Business registration, beneficial ownership, annual filings",SRC-WB-GIRG; SRC-UNCTAD-DATA,https://rulemaking.worldbank.org/en/rulemaking | https://unctadstat.unctad.org/,Medium,Create one or more Industry Regulation Mapping rows per operating country/territory and regulator/law.
14,Entertainment Retail,CONS,"Consumer protection, advertising & product safety",Consumer protection authority; product safety regulator,"Marketing, consumer rights, product recalls, warranties",SRC-WB-GIRG; SRC-ICN,https://rulemaking.worldbank.org/en/rulemaking | https://www.internationalcompetitionnetwork.org/members/,Medium,Create one or more Industry Regulation Mapping rows per operating country/territory and regulator/law.
14,Entertainment Retail,TELCO,"Telecommunications, media & broadcasting",Telecom/media regulator; communications ministry,"Licensing, spectrum, broadcasting, content rules",SRC-ITU; SRC-ITU-DIR,https://www.itu.int/ | https://www.itu.int/GlobalDirectory/,High,Create one or more Industry Regulation Mapping rows per operating country/territory and regulator/law.
14,Entertainment Retail,PRIV,Data protection & privacy,Data protection authority; privacy commissioner,"Personal data, privacy notices, breach notification",SRC-GPA; SRC-IAPP-PRIVACY-DIR; SRC-EDPB,https://globalprivacyassembly.com/participation-in-the-assembly/list-of-accredited-members/ | https://iapp.org/resources/global-privacy-directory | https://www.edpb.europa.eu/,High,Create one or more Industry Regulation Mapping rows per operating country/territory and regulator/law.
14,Entertainment Retail,LAB,"Labor, employment & workplace safety",Labor ministry; employment standards agency; OSH authority,"Employment, worker safety, social security",SRC-ILO-DATA,https://www.ilo.org/data-and-statistics,High,Create one or more Industry Regulation Mapping rows per operating country/territory and regulator/law.
14,Entertainment Retail,TAX,"Tax, revenue & customs",Tax authority; revenue service; customs administration,"Tax registrations, VAT/GST, customs/import/export",SRC-WCO; SRC-WTO-DATA,https://www.wcoomd.org/en.aspx | https://data.wto.org/,High,Create one or more Industry Regulation Mapping rows per operating country/territory and regulator/law.
14,Entertainment Retail,CORP,Corporate registration & company law,Companies registry; commerce ministry; secretary of state,"Business registration, beneficial ownership, annual filings",SRC-WB-GIRG; SRC-UNCTAD-DATA,https://rulemaking.worldbank.org/en/rulemaking | https://unctadstat.unctad.org/,Medium,Create one or more Industry Regulation Mapping rows per operating country/territory and regulator/law.
15,Equipment Rental and Leasing,CONS,"Consumer protection, advertising & product safety",Consumer protection authority; product safety regulator,"Marketing, consumer rights, product recalls, warranties",SRC-WB-GIRG; SRC-ICN,https://rulemaking.worldbank.org/en/rulemaking | https://www.internationalcompetitionnetwork.org/members/,Medium,Create one or more Industry Regulation Mapping rows per operating country/territory and regulator/law.
15,Equipment Rental and Leasing,TAX,"Tax, revenue & customs",Tax authority; revenue service; customs administration,"Tax registrations, VAT/GST, customs/import/export",SRC-WCO; SRC-WTO-DATA,https://www.wcoomd.org/en.aspx | https://data.wto.org/,High,Create one or more Industry Regulation Mapping rows per operating country/territory and regulator/law.
15,Equipment Rental and Leasing,LAB,"Labor, employment & workplace safety",Labor ministry; employment standards agency; OSH authority,"Employment, worker safety, social security",SRC-ILO-DATA,https://www.ilo.org/data-and-statistics,High,Create one or more Industry Regulation Mapping rows per operating country/territory and regulator/law.
15,Equipment Rental and Leasing,CORP,Corporate registration & company law,Companies registry; commerce ministry; secretary of state,"Business registration, beneficial ownership, annual filings",SRC-WB-GIRG; SRC-UNCTAD-DATA,https://rulemaking.worldbank.org/en/rulemaking | https://unctadstat.unctad.org/,Medium,Create one or more Industry Regulation Mapping rows per operating country/territory and regulator/law.
15,Equipment Rental and Leasing,TRAN,Transportation & logistics,Transport ministry; aviation/maritime/rail/road authorities,"Transport safety, carrier licensing, logistics compliance",SRC-ICAO; SRC-FAA-INTL-CIVIL-AUTH; SRC-IMO,https://www.icao.int/about-icao/member-states | https://www.faa.gov/aircraft/air_cert/international/bilateral_agreements/link_intl_sites/civil_avi_auth | https://www.imo.org/en/ourwork/ero/pages/memberstates.aspx,High,Create one or more Industry Regulation Mapping rows per operating country/territory and regulator/law.
16,Financial,FIN,"Banking, securities, payments & AML",Central bank; securities commission; FIU; payments regulator,"Financial licensing, AML/KYC, market conduct",SRC-IOSCO; SRC-BIS-CENTRALBANKS,https://www.iosco.org/v2/about/?subsection=membership | https://www.bis.org/cbanks.htm,High,Create one or more Industry Regulation Mapping rows per operating country/territory and regulator/law.
16,Financial,PRIV,Data protection & privacy,Data protection authority; privacy commissioner,"Personal data, privacy notices, breach notification",SRC-GPA; SRC-IAPP-PRIVACY-DIR; SRC-EDPB,https://globalprivacyassembly.com/participation-in-the-assembly/list-of-accredited-members/ | https://iapp.org/resources/global-privacy-directory | https://www.edpb.europa.eu/,High,Create one or more Industry Regulation Mapping rows per operating country/territory and regulator/law.
16,Financial,CYBER,Cybersecurity & digital resilience,Cybersecurity agency; communications regulator; sector regulator,"Security controls, incident reporting, critical infrastructure",SRC-ITU; SRC-ITU-DIR,https://www.itu.int/ | https://www.itu.int/GlobalDirectory/,High,Create one or more Industry Regulation Mapping rows per operating country/territory and regulator/law.
16,Financial,TAX,"Tax, revenue & customs",Tax authority; revenue service; customs administration,"Tax registrations, VAT/GST, customs/import/export",SRC-WCO; SRC-WTO-DATA,https://www.wcoomd.org/en.aspx | https://data.wto.org/,High,Create one or more Industry Regulation Mapping rows per operating country/territory and regulator/law.
16,Financial,COMP,Competition / antitrust,Competition authority; antitrust agency,"Merger control, cartels, abuse of dominance",SRC-ICN,https://www.internationalcompetitionnetwork.org/members/,Medium,Create one or more Industry Regulation Mapping rows per operating country/territory and regulator/law.
16,Financial,TRADE,"Trade, sanctions & export controls",Trade ministry; customs; export-control authority; sanctions office,"Export/import restrictions, sanctions screening",SRC-WTO-DATA; SRC-WCO; SRC-UNCTAD-DATA,https://data.wto.org/ | https://www.wcoomd.org/en.aspx | https://unctadstat.unctad.org/,Medium,Create one or more Industry Regulation Mapping rows per operating country/territory and regulator/law.
16,Financial,PROC,Government procurement & grants,Procurement authority; treasury; anti-corruption body,"Bid eligibility, contract clauses, debarment",SRC-WB-GIRG,https://rulemaking.worldbank.org/en/rulemaking,Medium,Create one or more Industry Regulation Mapping rows per operating country/territory and regulator/law.
17,Food and Tobacco Processing,FOOD,"Food, beverage & agriculture",Food safety agency; agriculture ministry,"Food safety, labeling, agrifood, animal/plant health",SRC-FAOLEX,https://www.fao.org/faolex/en/,High,Create one or more Industry Regulation Mapping rows per operating country/territory and regulator/law.
17,Food and Tobacco Processing,LAB,"Labor, employment & workplace safety",Labor ministry; employment standards agency; OSH authority,"Employment, worker safety, social security",SRC-ILO-DATA,https://www.ilo.org/data-and-statistics,High,Create one or more Industry Regulation Mapping rows per operating country/territory and regulator/law.
17,Food and Tobacco Processing,ENV,"Environment, climate & natural resources",Environmental protection agency; natural resources ministry,"Environmental permits, emissions, water, waste, mining",SRC-ECOLEX; SRC-FAOLEX,https://www.ecolex.org/ | https://www.fao.org/faolex/en/,High,Create one or more Industry Regulation Mapping rows per operating country/territory and regulator/law.
17,Food and Tobacco Processing,TRADE,"Trade, sanctions & export controls",Trade ministry; customs; export-control authority; sanctions office,"Export/import restrictions, sanctions screening",SRC-WTO-DATA; SRC-WCO; SRC-UNCTAD-DATA,https://data.wto.org/ | https://www.wcoomd.org/en.aspx | https://unctadstat.unctad.org/,Medium,Create one or more Industry Regulation Mapping rows per operating country/territory and regulator/law.
17,Food and Tobacco Processing,TAX,"Tax, revenue & customs",Tax authority; revenue service; customs administration,"Tax registrations, VAT/GST, customs/import/export",SRC-WCO; SRC-WTO-DATA,https://www.wcoomd.org/en.aspx | https://data.wto.org/,High,Create one or more Industry Regulation Mapping rows per operating country/territory and regulator/law.
17,Food and Tobacco Processing,CORP,Corporate registration & company law,Companies registry; commerce ministry; secretary of state,"Business registration, beneficial ownership, annual filings",SRC-WB-GIRG; SRC-UNCTAD-DATA,https://rulemaking.worldbank.org/en/rulemaking | https://unctadstat.unctad.org/,Medium,Create one or more Industry Regulation Mapping rows per operating country/territory and regulator/law.
18,Inbound Capital Intensive Processing,ENV,"Environment, climate & natural resources",Environmental protection agency; natural resources ministry,"Environmental permits, emissions, water, waste, mining",SRC-ECOLEX; SRC-FAOLEX,https://www.ecolex.org/ | https://www.fao.org/faolex/en/,High,Create one or more Industry Regulation Mapping rows per operating country/territory and regulator/law.
18,Inbound Capital Intensive Processing,LAB,"Labor, employment & workplace safety",Labor ministry; employment standards agency; OSH authority,"Employment, worker safety, social security",SRC-ILO-DATA,https://www.ilo.org/data-and-statistics,High,Create one or more Industry Regulation Mapping rows per operating country/territory and regulator/law.
18,Inbound Capital Intensive Processing,TRADE,"Trade, sanctions & export controls",Trade ministry; customs; export-control authority; sanctions office,"Export/import restrictions, sanctions screening",SRC-WTO-DATA; SRC-WCO; SRC-UNCTAD-DATA,https://data.wto.org/ | https://www.wcoomd.org/en.aspx | https://unctadstat.unctad.org/,Medium,Create one or more Industry Regulation Mapping rows per operating country/territory and regulator/law.
18,Inbound Capital Intensive Processing,TAX,"Tax, revenue & customs",Tax authority; revenue service; customs administration,"Tax registrations, VAT/GST, customs/import/export",SRC-WCO; SRC-WTO-DATA,https://www.wcoomd.org/en.aspx | https://data.wto.org/,High,Create one or more Industry Regulation Mapping rows per operating country/territory and regulator/law.
18,Inbound Capital Intensive Processing,CORP,Corporate registration & company law,Companies registry; commerce ministry; secretary of state,"Business registration, beneficial ownership, annual filings",SRC-WB-GIRG; SRC-UNCTAD-DATA,https://rulemaking.worldbank.org/en/rulemaking | https://unctadstat.unctad.org/,Medium,Create one or more Industry Regulation Mapping rows per operating country/territory and regulator/law.
18,Inbound Capital Intensive Processing,PROC,Government procurement & grants,Procurement authority; treasury; anti-corruption body,"Bid eligibility, contract clauses, debarment",SRC-WB-GIRG,https://rulemaking.worldbank.org/en/rulemaking,Medium,Create one or more Industry Regulation Mapping rows per operating country/territory and regulator/law.
19,Inbound Repair and Services,CONS,"Consumer protection, advertising & product safety",Consumer protection authority; product safety regulator,"Marketing, consumer rights, product recalls, warranties",SRC-WB-GIRG; SRC-ICN,https://rulemaking.worldbank.org/en/rulemaking | https://www.internationalcompetitionnetwork.org/members/,Medium,Create one or more Industry Regulation Mapping rows per operating country/territory and regulator/law.
19,Inbound Repair and Services,LAB,"Labor, employment & workplace safety",Labor ministry; employment standards agency; OSH authority,"Employment, worker safety, social security",SRC-ILO-DATA,https://www.ilo.org/data-and-statistics,High,Create one or more Industry Regulation Mapping rows per operating country/territory and regulator/law.
19,Inbound Repair and Services,ENV,"Environment, climate & natural resources",Environmental protection agency; natural resources ministry,"Environmental permits, emissions, water, waste, mining",SRC-ECOLEX; SRC-FAOLEX,https://www.ecolex.org/ | https://www.fao.org/faolex/en/,High,Create one or more Industry Regulation Mapping rows per operating country/territory and regulator/law.
19,Inbound Repair and Services,TAX,"Tax, revenue & customs",Tax authority; revenue service; customs administration,"Tax registrations, VAT/GST, customs/import/export",SRC-WCO; SRC-WTO-DATA,https://www.wcoomd.org/en.aspx | https://data.wto.org/,High,Create one or more Industry Regulation Mapping rows per operating country/territory and regulator/law.
19,Inbound Repair and Services,CORP,Corporate registration & company law,Companies registry; commerce ministry; secretary of state,"Business registration, beneficial ownership, annual filings",SRC-WB-GIRG; SRC-UNCTAD-DATA,https://rulemaking.worldbank.org/en/rulemaking | https://unctadstat.unctad.org/,Medium,Create one or more Industry Regulation Mapping rows per operating country/territory and regulator/law.
20,Insurance,INS,Insurance,Insurance supervisor; financial regulator,"Insurance licensing, solvency, conduct",SRC-IAIS,https://www.iais.org/about-the-iais/iais-members/,High,Create one or more Industry Regulation Mapping rows per operating country/territory and regulator/law.
20,Insurance,FIN,"Banking, securities, payments & AML",Central bank; securities commission; FIU; payments regulator,"Financial licensing, AML/KYC, market conduct",SRC-IOSCO; SRC-BIS-CENTRALBANKS,https://www.iosco.org/v2/about/?subsection=membership | https://www.bis.org/cbanks.htm,High,Create one or more Industry Regulation Mapping rows per operating country/territory and regulator/law.
20,Insurance,PRIV,Data protection & privacy,Data protection authority; privacy commissioner,"Personal data, privacy notices, breach notification",SRC-GPA; SRC-IAPP-PRIVACY-DIR; SRC-EDPB,https://globalprivacyassembly.com/participation-in-the-assembly/list-of-accredited-members/ | https://iapp.org/resources/global-privacy-directory | https://www.edpb.europa.eu/,High,Create one or more Industry Regulation Mapping rows per operating country/territory and regulator/law.
20,Insurance,CYBER,Cybersecurity & digital resilience,Cybersecurity agency; communications regulator; sector regulator,"Security controls, incident reporting, critical infrastructure",SRC-ITU; SRC-ITU-DIR,https://www.itu.int/ | https://www.itu.int/GlobalDirectory/,High,Create one or more Industry Regulation Mapping rows per operating country/territory and regulator/law.
20,Insurance,TAX,"Tax, revenue & customs",Tax authority; revenue service; customs administration,"Tax registrations, VAT/GST, customs/import/export",SRC-WCO; SRC-WTO-DATA,https://www.wcoomd.org/en.aspx | https://data.wto.org/,High,Create one or more Industry Regulation Mapping rows per operating country/territory and regulator/law.
20,Insurance,COMP,Competition / antitrust,Competition authority; antitrust agency,"Merger control, cartels, abuse of dominance",SRC-ICN,https://www.internationalcompetitionnetwork.org/members/,Medium,Create one or more Industry Regulation Mapping rows per operating country/territory and regulator/law.
21,Legal Services,PROF,Professional services licensing,Bar association; accountancy board; professional regulator,Professional licenses and ethics,SRC-WB-GIRG,https://rulemaking.worldbank.org/en/rulemaking,Medium,Create one or more Industry Regulation Mapping rows per operating country/territory and regulator/law.
21,Legal Services,PRIV,Data protection & privacy,Data protection authority; privacy commissioner,"Personal data, privacy notices, breach notification",SRC-GPA; SRC-IAPP-PRIVACY-DIR; SRC-EDPB,https://globalprivacyassembly.com/participation-in-the-assembly/list-of-accredited-members/ | https://iapp.org/resources/global-privacy-directory | https://www.edpb.europa.eu/,High,Create one or more Industry Regulation Mapping rows per operating country/territory and regulator/law.
21,Legal Services,TAX,"Tax, revenue & customs",Tax authority; revenue service; customs administration,"Tax registrations, VAT/GST, customs/import/export",SRC-WCO; SRC-WTO-DATA,https://www.wcoomd.org/en.aspx | https://data.wto.org/,High,Create one or more Industry Regulation Mapping rows per operating country/territory and regulator/law.
21,Legal Services,CORP,Corporate registration & company law,Companies registry; commerce ministry; secretary of state,"Business registration, beneficial ownership, annual filings",SRC-WB-GIRG; SRC-UNCTAD-DATA,https://rulemaking.worldbank.org/en/rulemaking | https://unctadstat.unctad.org/,Medium,Create one or more Industry Regulation Mapping rows per operating country/territory and regulator/law.
21,Legal Services,PROC,Government procurement & grants,Procurement authority; treasury; anti-corruption body,"Bid eligibility, contract clauses, debarment",SRC-WB-GIRG,https://rulemaking.worldbank.org/en/rulemaking,Medium,Create one or more Industry Regulation Mapping rows per operating country/territory and regulator/law.
22,Non-Durable Merchandise Retail,CONS,"Consumer protection, advertising & product safety",Consumer protection authority; product safety regulator,"Marketing, consumer rights, product recalls, warranties",SRC-WB-GIRG; SRC-ICN,https://rulemaking.worldbank.org/en/rulemaking | https://www.internationalcompetitionnetwork.org/members/,Medium,Create one or more Industry Regulation Mapping rows per operating country/territory and regulator/law.
22,Non-Durable Merchandise Retail,TAX,"Tax, revenue & customs",Tax authority; revenue service; customs administration,"Tax registrations, VAT/GST, customs/import/export",SRC-WCO; SRC-WTO-DATA,https://www.wcoomd.org/en.aspx | https://data.wto.org/,High,Create one or more Industry Regulation Mapping rows per operating country/territory and regulator/law.
22,Non-Durable Merchandise Retail,LAB,"Labor, employment & workplace safety",Labor ministry; employment standards agency; OSH authority,"Employment, worker safety, social security",SRC-ILO-DATA,https://www.ilo.org/data-and-statistics,High,Create one or more Industry Regulation Mapping rows per operating country/territory and regulator/law.
22,Non-Durable Merchandise Retail,TRADE,"Trade, sanctions & export controls",Trade ministry; customs; export-control authority; sanctions office,"Export/import restrictions, sanctions screening",SRC-WTO-DATA; SRC-WCO; SRC-UNCTAD-DATA,https://data.wto.org/ | https://www.wcoomd.org/en.aspx | https://unctadstat.unctad.org/,Medium,Create one or more Industry Regulation Mapping rows per operating country/territory and regulator/law.
22,Non-Durable Merchandise Retail,CORP,Corporate registration & company law,Companies registry; commerce ministry; secretary of state,"Business registration, beneficial ownership, annual filings",SRC-WB-GIRG; SRC-UNCTAD-DATA,https://rulemaking.worldbank.org/en/rulemaking | https://unctadstat.unctad.org/,Medium,Create one or more Industry Regulation Mapping rows per operating country/territory and regulator/law.
23,Outbound Consumer Service,CONS,"Consumer protection, advertising & product safety",Consumer protection authority; product safety regulator,"Marketing, consumer rights, product recalls, warranties",SRC-WB-GIRG; SRC-ICN,https://rulemaking.worldbank.org/en/rulemaking | https://www.internationalcompetitionnetwork.org/members/,Medium,Create one or more Industry Regulation Mapping rows per operating country/territory and regulator/law.
23,Outbound Consumer Service,PRIV,Data protection & privacy,Data protection authority; privacy commissioner,"Personal data, privacy notices, breach notification",SRC-GPA; SRC-IAPP-PRIVACY-DIR; SRC-EDPB,https://globalprivacyassembly.com/participation-in-the-assembly/list-of-accredited-members/ | https://iapp.org/resources/global-privacy-directory | https://www.edpb.europa.eu/,High,Create one or more Industry Regulation Mapping rows per operating country/territory and regulator/law.
23,Outbound Consumer Service,LAB,"Labor, employment & workplace safety",Labor ministry; employment standards agency; OSH authority,"Employment, worker safety, social security",SRC-ILO-DATA,https://www.ilo.org/data-and-statistics,High,Create one or more Industry Regulation Mapping rows per operating country/territory and regulator/law.
23,Outbound Consumer Service,TAX,"Tax, revenue & customs",Tax authority; revenue service; customs administration,"Tax registrations, VAT/GST, customs/import/export",SRC-WCO; SRC-WTO-DATA,https://www.wcoomd.org/en.aspx | https://data.wto.org/,High,Create one or more Industry Regulation Mapping rows per operating country/territory and regulator/law.
23,Outbound Consumer Service,CORP,Corporate registration & company law,Companies registry; commerce ministry; secretary of state,"Business registration, beneficial ownership, annual filings",SRC-WB-GIRG; SRC-UNCTAD-DATA,https://rulemaking.worldbank.org/en/rulemaking | https://unctadstat.unctad.org/,Medium,Create one or more Industry Regulation Mapping rows per operating country/territory and regulator/law.
24,Petrochemical Extraction and Distribution,ENERGY,Energy & utilities,Energy ministry; utility regulator,"Electricity, gas, oil, pipelines, utility markets",SRC-ECOLEX; SRC-FAOLEX,https://www.ecolex.org/ | https://www.fao.org/faolex/en/,High,Create one or more Industry Regulation Mapping rows per operating country/territory and regulator/law.
24,Petrochemical Extraction and Distribution,ENV,"Environment, climate & natural resources",Environmental protection agency; natural resources ministry,"Environmental permits, emissions, water, waste, mining",SRC-ECOLEX; SRC-FAOLEX,https://www.ecolex.org/ | https://www.fao.org/faolex/en/,High,Create one or more Industry Regulation Mapping rows per operating country/territory and regulator/law.
24,Petrochemical Extraction and Distribution,TRADE,"Trade, sanctions & export controls",Trade ministry; customs; export-control authority; sanctions office,"Export/import restrictions, sanctions screening",SRC-WTO-DATA; SRC-WCO; SRC-UNCTAD-DATA,https://data.wto.org/ | https://www.wcoomd.org/en.aspx | https://unctadstat.unctad.org/,Medium,Create one or more Industry Regulation Mapping rows per operating country/territory and regulator/law.
24,Petrochemical Extraction and Distribution,LAB,"Labor, employment & workplace safety",Labor ministry; employment standards agency; OSH authority,"Employment, worker safety, social security",SRC-ILO-DATA,https://www.ilo.org/data-and-statistics,High,Create one or more Industry Regulation Mapping rows per operating country/territory and regulator/law.
24,Petrochemical Extraction and Distribution,TAX,"Tax, revenue & customs",Tax authority; revenue service; customs administration,"Tax registrations, VAT/GST, customs/import/export",SRC-WCO; SRC-WTO-DATA,https://www.wcoomd.org/en.aspx | https://data.wto.org/,High,Create one or more Industry Regulation Mapping rows per operating country/territory and regulator/law.
24,Petrochemical Extraction and Distribution,CORP,Corporate registration & company law,Companies registry; commerce ministry; secretary of state,"Business registration, beneficial ownership, annual filings",SRC-WB-GIRG; SRC-UNCTAD-DATA,https://rulemaking.worldbank.org/en/rulemaking | https://unctadstat.unctad.org/,Medium,Create one or more Industry Regulation Mapping rows per operating country/territory and regulator/law.
25,Service Retail,CONS,"Consumer protection, advertising & product safety",Consumer protection authority; product safety regulator,"Marketing, consumer rights, product recalls, warranties",SRC-WB-GIRG; SRC-ICN,https://rulemaking.worldbank.org/en/rulemaking | https://www.internationalcompetitionnetwork.org/members/,Medium,Create one or more Industry Regulation Mapping rows per operating country/territory and regulator/law.
25,Service Retail,TAX,"Tax, revenue & customs",Tax authority; revenue service; customs administration,"Tax registrations, VAT/GST, customs/import/export",SRC-WCO; SRC-WTO-DATA,https://www.wcoomd.org/en.aspx | https://data.wto.org/,High,Create one or more Industry Regulation Mapping rows per operating country/territory and regulator/law.
25,Service Retail,LAB,"Labor, employment & workplace safety",Labor ministry; employment standards agency; OSH authority,"Employment, worker safety, social security",SRC-ILO-DATA,https://www.ilo.org/data-and-statistics,High,Create one or more Industry Regulation Mapping rows per operating country/territory and regulator/law.
25,Service Retail,REAL,"Real estate, construction & zoning",Land registry; housing ministry; building authority,"Licenses, zoning, property, construction codes",SRC-WB-GIRG,https://rulemaking.worldbank.org/en/rulemaking,Medium,Create one or more Industry Regulation Mapping rows per operating country/territory and regulator/law.
25,Service Retail,CORP,Corporate registration & company law,Companies registry; commerce ministry; secretary of state,"Business registration, beneficial ownership, annual filings",SRC-WB-GIRG; SRC-UNCTAD-DATA,https://rulemaking.worldbank.org/en/rulemaking | https://unctadstat.unctad.org/,Medium,Create one or more Industry Regulation Mapping rows per operating country/territory and regulator/law.
26,SIG Affiliations,CORP,Corporate registration & company law,Companies registry; commerce ministry; secretary of state,"Business registration, beneficial ownership, annual filings",SRC-WB-GIRG; SRC-UNCTAD-DATA,https://rulemaking.worldbank.org/en/rulemaking | https://unctadstat.unctad.org/,Medium,Create one or more Industry Regulation Mapping rows per operating country/territory and regulator/law.
26,SIG Affiliations,TAX,"Tax, revenue & customs",Tax authority; revenue service; customs administration,"Tax registrations, VAT/GST, customs/import/export",SRC-WCO; SRC-WTO-DATA,https://www.wcoomd.org/en.aspx | https://data.wto.org/,High,Create one or more Industry Regulation Mapping rows per operating country/territory and regulator/law.
26,SIG Affiliations,PROC,Government procurement & grants,Procurement authority; treasury; anti-corruption body,"Bid eligibility, contract clauses, debarment",SRC-WB-GIRG,https://rulemaking.worldbank.org/en/rulemaking,Medium,Create one or more Industry Regulation Mapping rows per operating country/territory and regulator/law.
26,SIG Affiliations,LAB,"Labor, employment & workplace safety",Labor ministry; employment standards agency; OSH authority,"Employment, worker safety, social security",SRC-ILO-DATA,https://www.ilo.org/data-and-statistics,High,Create one or more Industry Regulation Mapping rows per operating country/territory and regulator/law.
26,SIG Affiliations,PRIV,Data protection & privacy,Data protection authority; privacy commissioner,"Personal data, privacy notices, breach notification",SRC-GPA; SRC-IAPP-PRIVACY-DIR; SRC-EDPB,https://globalprivacyassembly.com/participation-in-the-assembly/list-of-accredited-members/ | https://iapp.org/resources/global-privacy-directory | https://www.edpb.europa.eu/,High,Create one or more Industry Regulation Mapping rows per operating country/territory and regulator/law.
27,Social Services,EDU,Education & social services,Education ministry; social services ministry; charity regulator,"Licensing, safeguarding, grants, nonprofit regulation",SRC-WB-GIRG,https://rulemaking.worldbank.org/en/rulemaking,Medium,Create one or more Industry Regulation Mapping rows per operating country/territory and regulator/law.
27,Social Services,HEALTH,"Healthcare, medical products & public health",Health ministry; medical product regulator; public health agency,"Healthcare delivery, medical devices, drugs, patient safety",SRC-WHO-WLA,https://www.who.int/initiatives/who-listed-authority-reg-authorities,High,Create one or more Industry Regulation Mapping rows per operating country/territory and regulator/law.
27,Social Services,PRIV,Data protection & privacy,Data protection authority; privacy commissioner,"Personal data, privacy notices, breach notification",SRC-GPA; SRC-IAPP-PRIVACY-DIR; SRC-EDPB,https://globalprivacyassembly.com/participation-in-the-assembly/list-of-accredited-members/ | https://iapp.org/resources/global-privacy-directory | https://www.edpb.europa.eu/,High,Create one or more Industry Regulation Mapping rows per operating country/territory and regulator/law.
27,Social Services,LAB,"Labor, employment & workplace safety",Labor ministry; employment standards agency; OSH authority,"Employment, worker safety, social security",SRC-ILO-DATA,https://www.ilo.org/data-and-statistics,High,Create one or more Industry Regulation Mapping rows per operating country/territory and regulator/law.
27,Social Services,PROC,Government procurement & grants,Procurement authority; treasury; anti-corruption body,"Bid eligibility, contract clauses, debarment",SRC-WB-GIRG,https://rulemaking.worldbank.org/en/rulemaking,Medium,Create one or more Industry Regulation Mapping rows per operating country/territory and regulator/law.
27,Social Services,TAX,"Tax, revenue & customs",Tax authority; revenue service; customs administration,"Tax registrations, VAT/GST, customs/import/export",SRC-WCO; SRC-WTO-DATA,https://www.wcoomd.org/en.aspx | https://data.wto.org/,High,Create one or more Industry Regulation Mapping rows per operating country/territory and regulator/law.
28,Special Outbound Trade Contractors,REAL,"Real estate, construction & zoning",Land registry; housing ministry; building authority,"Licenses, zoning, property, construction codes",SRC-WB-GIRG,https://rulemaking.worldbank.org/en/rulemaking,Medium,Create one or more Industry Regulation Mapping rows per operating country/territory and regulator/law.
28,Special Outbound Trade Contractors,LAB,"Labor, employment & workplace safety",Labor ministry; employment standards agency; OSH authority,"Employment, worker safety, social security",SRC-ILO-DATA,https://www.ilo.org/data-and-statistics,High,Create one or more Industry Regulation Mapping rows per operating country/territory and regulator/law.
28,Special Outbound Trade Contractors,ENV,"Environment, climate & natural resources",Environmental protection agency; natural resources ministry,"Environmental permits, emissions, water, waste, mining",SRC-ECOLEX; SRC-FAOLEX,https://www.ecolex.org/ | https://www.fao.org/faolex/en/,High,Create one or more Industry Regulation Mapping rows per operating country/territory and regulator/law.
28,Special Outbound Trade Contractors,TAX,"Tax, revenue & customs",Tax authority; revenue service; customs administration,"Tax registrations, VAT/GST, customs/import/export",SRC-WCO; SRC-WTO-DATA,https://www.wcoomd.org/en.aspx | https://data.wto.org/,High,Create one or more Industry Regulation Mapping rows per operating country/territory and regulator/law.
28,Special Outbound Trade Contractors,PROC,Government procurement & grants,Procurement authority; treasury; anti-corruption body,"Bid eligibility, contract clauses, debarment",SRC-WB-GIRG,https://rulemaking.worldbank.org/en/rulemaking,Medium,Create one or more Industry Regulation Mapping rows per operating country/territory and regulator/law.
28,Special Outbound Trade Contractors,CORP,Corporate registration & company law,Companies registry; commerce ministry; secretary of state,"Business registration, beneficial ownership, annual filings",SRC-WB-GIRG; SRC-UNCTAD-DATA,https://rulemaking.worldbank.org/en/rulemaking | https://unctadstat.unctad.org/,Medium,Create one or more Industry Regulation Mapping rows per operating country/territory and regulator/law.
29,Specialty Realty,REAL,"Real estate, construction & zoning",Land registry; housing ministry; building authority,"Licenses, zoning, property, construction codes",SRC-WB-GIRG,https://rulemaking.worldbank.org/en/rulemaking,Medium,Create one or more Industry Regulation Mapping rows per operating country/territory and regulator/law.
29,Specialty Realty,TAX,"Tax, revenue & customs",Tax authority; revenue service; customs administration,"Tax registrations, VAT/GST, customs/import/export",SRC-WCO; SRC-WTO-DATA,https://www.wcoomd.org/en.aspx | https://data.wto.org/,High,Create one or more Industry Regulation Mapping rows per operating country/territory and regulator/law.
29,Specialty Realty,LAB,"Labor, employment & workplace safety",Labor ministry; employment standards agency; OSH authority,"Employment, worker safety, social security",SRC-ILO-DATA,https://www.ilo.org/data-and-statistics,High,Create one or more Industry Regulation Mapping rows per operating country/territory and regulator/law.
29,Specialty Realty,CONS,"Consumer protection, advertising & product safety",Consumer protection authority; product safety regulator,"Marketing, consumer rights, product recalls, warranties",SRC-WB-GIRG; SRC-ICN,https://rulemaking.worldbank.org/en/rulemaking | https://www.internationalcompetitionnetwork.org/members/,Medium,Create one or more Industry Regulation Mapping rows per operating country/territory and regulator/law.
29,Specialty Realty,CORP,Corporate registration & company law,Companies registry; commerce ministry; secretary of state,"Business registration, beneficial ownership, annual filings",SRC-WB-GIRG; SRC-UNCTAD-DATA,https://rulemaking.worldbank.org/en/rulemaking | https://unctadstat.unctad.org/,Medium,Create one or more Industry Regulation Mapping rows per operating country/territory and regulator/law.
30,Transportation,TRAN,Transportation & logistics,Transport ministry; aviation/maritime/rail/road authorities,"Transport safety, carrier licensing, logistics compliance",SRC-ICAO; SRC-FAA-INTL-CIVIL-AUTH; SRC-IMO,https://www.icao.int/about-icao/member-states | https://www.faa.gov/aircraft/air_cert/international/bilateral_agreements/link_intl_sites/civil_avi_auth | https://www.imo.org/en/ourwork/ero/pages/memberstates.aspx,High,Create one or more Industry Regulation Mapping rows per operating country/territory and regulator/law.
30,Transportation,TRADE,"Trade, sanctions & export controls",Trade ministry; customs; export-control authority; sanctions office,"Export/import restrictions, sanctions screening",SRC-WTO-DATA; SRC-WCO; SRC-UNCTAD-DATA,https://data.wto.org/ | https://www.wcoomd.org/en.aspx | https://unctadstat.unctad.org/,Medium,Create one or more Industry Regulation Mapping rows per operating country/territory and regulator/law.
30,Transportation,TAX,"Tax, revenue & customs",Tax authority; revenue service; customs administration,"Tax registrations, VAT/GST, customs/import/export",SRC-WCO; SRC-WTO-DATA,https://www.wcoomd.org/en.aspx | https://data.wto.org/,High,Create one or more Industry Regulation Mapping rows per operating country/territory and regulator/law.
30,Transportation,LAB,"Labor, employment & workplace safety",Labor ministry; employment standards agency; OSH authority,"Employment, worker safety, social security",SRC-ILO-DATA,https://www.ilo.org/data-and-statistics,High,Create one or more Industry Regulation Mapping rows per operating country/territory and regulator/law.
30,Transportation,ENV,"Environment, climate & natural resources",Environmental protection agency; natural resources ministry,"Environmental permits, emissions, water, waste, mining",SRC-ECOLEX; SRC-FAOLEX,https://www.ecolex.org/ | https://www.fao.org/faolex/en/,High,Create one or more Industry Regulation Mapping rows per operating country/territory and regulator/law.
30,Transportation,CORP,Corporate registration & company law,Companies registry; commerce ministry; secretary of state,"Business registration, beneficial ownership, annual filings",SRC-WB-GIRG; SRC-UNCTAD-DATA,https://rulemaking.worldbank.org/en/rulemaking | https://unctadstat.unctad.org/,Medium,Create one or more Industry Regulation Mapping rows per operating country/territory and regulator/law.
31,Utility Creation and Distribution,ENERGY,Energy & utilities,Energy ministry; utility regulator,"Electricity, gas, oil, pipelines, utility markets",SRC-ECOLEX; SRC-FAOLEX,https://www.ecolex.org/ | https://www.fao.org/faolex/en/,High,Create one or more Industry Regulation Mapping rows per operating country/territory and regulator/law.
31,Utility Creation and Distribution,ENV,"Environment, climate & natural resources",Environmental protection agency; natural resources ministry,"Environmental permits, emissions, water, waste, mining",SRC-ECOLEX; SRC-FAOLEX,https://www.ecolex.org/ | https://www.fao.org/faolex/en/,High,Create one or more Industry Regulation Mapping rows per operating country/territory and regulator/law.
31,Utility Creation and Distribution,CONS,"Consumer protection, advertising & product safety",Consumer protection authority; product safety regulator,"Marketing, consumer rights, product recalls, warranties",SRC-WB-GIRG; SRC-ICN,https://rulemaking.worldbank.org/en/rulemaking | https://www.internationalcompetitionnetwork.org/members/,Medium,Create one or more Industry Regulation Mapping rows per operating country/territory and regulator/law.
31,Utility Creation and Distribution,LAB,"Labor, employment & workplace safety",Labor ministry; employment standards agency; OSH authority,"Employment, worker safety, social security",SRC-ILO-DATA,https://www.ilo.org/data-and-statistics,High,Create one or more Industry Regulation Mapping rows per operating country/territory and regulator/law.
31,Utility Creation and Distribution,TAX,"Tax, revenue & customs",Tax authority; revenue service; customs administration,"Tax registrations, VAT/GST, customs/import/export",SRC-WCO; SRC-WTO-DATA,https://www.wcoomd.org/en.aspx | https://data.wto.org/,High,Create one or more Industry Regulation Mapping rows per operating country/territory and regulator/law.
31,Utility Creation and Distribution,CORP,Corporate registration & company law,Companies registry; commerce ministry; secretary of state,"Business registration, beneficial ownership, annual filings",SRC-WB-GIRG; SRC-UNCTAD-DATA,https://rulemaking.worldbank.org/en/rulemaking | https://unctadstat.unctad.org/,Medium,Create one or more Industry Regulation Mapping rows per operating country/territory and regulator/law.
32,Vehicle Retail,CONS,"Consumer protection, advertising & product safety",Consumer protection authority; product safety regulator,"Marketing, consumer rights, product recalls, warranties",SRC-WB-GIRG; SRC-ICN,https://rulemaking.worldbank.org/en/rulemaking | https://www.internationalcompetitionnetwork.org/members/,Medium,Create one or more Industry Regulation Mapping rows per operating country/territory and regulator/law.
32,Vehicle Retail,TRAN,Transportation & logistics,Transport ministry; aviation/maritime/rail/road authorities,"Transport safety, carrier licensing, logistics compliance",SRC-ICAO; SRC-FAA-INTL-CIVIL-AUTH; SRC-IMO,https://www.icao.int/about-icao/member-states | https://www.faa.gov/aircraft/air_cert/international/bilateral_agreements/link_intl_sites/civil_avi_auth | https://www.imo.org/en/ourwork/ero/pages/memberstates.aspx,High,Create one or more Industry Regulation Mapping rows per operating country/territory and regulator/law.
32,Vehicle Retail,TAX,"Tax, revenue & customs",Tax authority; revenue service; customs administration,"Tax registrations, VAT/GST, customs/import/export",SRC-WCO; SRC-WTO-DATA,https://www.wcoomd.org/en.aspx | https://data.wto.org/,High,Create one or more Industry Regulation Mapping rows per operating country/territory and regulator/law.
32,Vehicle Retail,TRADE,"Trade, sanctions & export controls",Trade ministry; customs; export-control authority; sanctions office,"Export/import restrictions, sanctions screening",SRC-WTO-DATA; SRC-WCO; SRC-UNCTAD-DATA,https://data.wto.org/ | https://www.wcoomd.org/en.aspx | https://unctadstat.unctad.org/,Medium,Create one or more Industry Regulation Mapping rows per operating country/territory and regulator/law.
32,Vehicle Retail,LAB,"Labor, employment & workplace safety",Labor ministry; employment standards agency; OSH authority,"Employment, worker safety, social security",SRC-ILO-DATA,https://www.ilo.org/data-and-statistics,High,Create one or more Industry Regulation Mapping rows per operating country/territory and regulator/law.
32,Vehicle Retail,CORP,Corporate registration & company law,Companies registry; commerce ministry; secretary of state,"Business registration, beneficial ownership, annual filings",SRC-WB-GIRG; SRC-UNCTAD-DATA,https://rulemaking.worldbank.org/en/rulemaking | https://unctadstat.unctad.org/,Medium,Create one or more Industry Regulation Mapping rows per operating country/territory and regulator/law.
33,Wholesale,TRADE,"Trade, sanctions & export controls",Trade ministry; customs; export-control authority; sanctions office,"Export/import restrictions, sanctions screening",SRC-WTO-DATA; SRC-WCO; SRC-UNCTAD-DATA,https://data.wto.org/ | https://www.wcoomd.org/en.aspx | https://unctadstat.unctad.org/,Medium,Create one or more Industry Regulation Mapping rows per operating country/territory and regulator/law.
33,Wholesale,TAX,"Tax, revenue & customs",Tax authority; revenue service; customs administration,"Tax registrations, VAT/GST, customs/import/export",SRC-WCO; SRC-WTO-DATA,https://www.wcoomd.org/en.aspx | https://data.wto.org/,High,Create one or more Industry Regulation Mapping rows per operating country/territory and regulator/law.
33,Wholesale,CONS,"Consumer protection, advertising & product safety",Consumer protection authority; product safety regulator,"Marketing, consumer rights, product recalls, warranties",SRC-WB-GIRG; SRC-ICN,https://rulemaking.worldbank.org/en/rulemaking | https://www.internationalcompetitionnetwork.org/members/,Medium,Create one or more Industry Regulation Mapping rows per operating country/territory and regulator/law.
33,Wholesale,LAB,"Labor, employment & workplace safety",Labor ministry; employment standards agency; OSH authority,"Employment, worker safety, social security",SRC-ILO-DATA,https://www.ilo.org/data-and-statistics,High,Create one or more Industry Regulation Mapping rows per operating country/territory and regulator/law.
33,Wholesale,CORP,Corporate registration & company law,Companies registry; commerce ministry; secretary of state,"Business registration, beneficial ownership, annual filings",SRC-WB-GIRG; SRC-UNCTAD-DATA,https://rulemaking.worldbank.org/en/rulemaking | https://unctadstat.unctad.org/,Medium,Create one or more Industry Regulation Mapping rows per operating country/territory and regulator/law.
33,Wholesale,COMP,Competition / antitrust,Competition authority; antitrust agency,"Merger control, cartels, abuse of dominance",SRC-ICN,https://www.internationalcompetitionnetwork.org/members/,Medium,Create one or more Industry Regulation Mapping rows per operating country/territory and regulator/law.
